https://movie.douban.com/subject/26266893/,屈楚萧,吴京,李光洁,吴孟达,赵今麦,隋凯,屈菁菁,张亦驰,杨皓宇,阿尔卡基·沙罗格拉茨基,李虹辰,杨轶,姜志刚,张欢,雷佳音,宁浩,刘慈欣,郭京飞,王智,张子贤,路阳,张宁,张小北,饶晓志,陶珞依,吴晓亮,龚格尔,郭帆
https://movie.douban.com/subject/30163509/,沈腾,黄景瑜,尹正,张本煜,尹昉,田雨,魏翔,赵文瑄,腾格尔,易小星,李庆誉,高华阳,刘帅良,李玲玉,何穗,潘晓婷,田沅,李春嫒,冯绍峰
https://movie.douban.com/subject/25986662/,黄渤,沈腾,汤姆·派福瑞,马修·莫里森,徐峥,于和伟,雷佳音,刘桦,邓飞,蔡明凯,王戈,凯特·纳尔逊,王砚伟,呲路
https://movie.douban.com/subject/30331149/,张喆,杨天翔,唐小喜,刘薇,张遥函,郑小璞,张博恒,张赫,马程,程寅,陈霖生,惠龙,林强,章斌 
https://movie.douban.com/subject/1652592/,罗莎·萨拉查,克里斯托弗·沃尔兹,基恩·约翰逊,艾德·斯克林,马赫沙拉·阿里,詹妮弗·康纳利,杰基·厄尔·哈利,拉娜·康多,小豪尔赫·兰登伯格,艾莎·冈萨雷斯,卡斯帕·凡·迪恩,米歇尔·罗德里格兹,爱德华·诺顿,杰夫·法赫,山姆·麦地那,德里克·梅耶斯,艾丽·拉蒙特,豪尔赫·A·希门尼斯,马克·扎罗,比利·布莱尔,伦纳德·吴,特里斯坦·里格斯,迈克尔·洛夫·托利弗,金,达塞尔·丹妮尔,马克·A·怀特
https://movie.douban.com/subject/26213252/,布丽·拉尔森,裘德·洛,塞缪尔·杰克逊,本·门德尔森,安妮特·贝宁,麦肯娜·格瑞丝,克拉克·格雷格,嘉玛·陈,李·佩斯,杰曼·翰苏,拉什纳·林奇,阿基拉·阿克巴,科林·福特,卓库·莫度,肯内特·米歇尔,罗伯特·卡辛斯基,詹姆斯·莫里森,皮特·普劳泽克,马修·马希尔,安东尼·莫利纳利,马修·弗林·贝罗斯,加斯顿·达尔莫,亚当·哈特,马克·多尔蒂,雷尼尔·鲁菲诺,约翰·盖蒂尔,斯坦·李,克里斯·埃文斯,斯嘉丽·约翰逊,马克·鲁弗洛,唐·钱德尔
https://movie.douban.com/subject/4840388/,王宝强,鄂靖文,张全蛋,景如洋,张琪,袁兴哲,田启文,黄骁鹏,蔡哲睿,苗溢伦
https://movie.douban.com/subject/26816076/,王千源,包贝尔,王迅,王砚辉,屈菁菁,周游,韩烨洲,盖玥希,刘敏涛,梅婷,潘粤明,乔振宇,景岗山,杜源,高捷,寇占文,刘天佐,马浴柯,霍青,邢瀚卿,李蓓蕾,万沛鑫,张皓然,谢孟伟,姜寒,肖涵,吕晓霖,马京京,黎宇航,成方旭,王子清,王昱涵,王昱淇,郭紫铭,要武,滕根,张奥
https://movie.douban.com/subject/27109679/,泰勒·拉塞尔,洛根·米勒,黛博拉·安沃尔,泰勒·莱伯恩,杰·埃利斯,尼克·多达尼,杰西卡·萨顿,约里克·范·韦杰宁根,杰米-李·蒙尼,亚当·罗比特尔,韦尔·廷德尔,肯尼思·霍,科尼利厄斯·吉尼,保罗·汉普赛尔,佩泰·塞彭克,丹·格伦伯格,吉诺·李
https://movie.douban.com/subject/19899707/,杰伊·巴鲁切尔,亚美莉卡·费雷拉,F·默里·亚伯拉罕,凯特·布兰切特,杰拉德·巴特勒,克雷格·费格森,乔纳·希尔,克里斯托夫·梅兹-普莱瑟,克里斯汀·韦格,基特·哈灵顿,罗宾·阿特金·唐斯,基隆·埃利奥特,吉迪恩·埃默里,阿什利·詹森,奥拉维尔·达里·奥拉夫松,詹姆士·谢,大卫·田纳特
https://movie.douban.com/subject/2244426/,扎克瑞·莱维,马克·斯特朗,亚瑟·安其,杰克·迪伦·格雷泽,杰曼·翰苏,费斯·赫尔曼,约文·阿曼德,陈琦烨,格蕾丝·富尔顿,亚当·布罗迪,梅根·古德,米歇尔·博斯,罗斯·巴特勒,马尔塔·米兰斯,库珀·安德鲁斯,罗维娜·亚瓦里,埃文·马什,娜塔莉亚·姗福瑞,D·J·科特罗纳,艾娃·普雷斯顿,安迪·奥修,卡尔森·迈克马克,莎伊娜·瑞恩,莎拉·贝纳尼,安吉莉卡·利斯克,辛迪·戴,洛塔·洛森,西蒙·诺斯伍德,戴维·科赫史密斯,卢·卢·萨夫兰,亚当·罗德内斯,杰夫·桑卡,阿里·巴德沙阿,大卫·J·麦克尼尔,达娜·雷兹尼克,迪索·拉莫斯
https://movie.douban.com/subject/26715636/,王景春,咏梅,齐溪,王源,杜江,艾丽娅,徐程,李菁菁,赵燕国彰
https://movie.douban.com/subject/27114416/,刘青云,张家辉,林嘉欣,袁咏仪,方中信,陈家乐,汤怡,骆应钧,吴岱融,常倩,吴浩康
https://movie.douban.com/subject/30263995/,王大陆,林允,陈柏融,蔡思韵,邰智源,李铭顺,钟丽缇,郭书瑶
https://movie.douban.com/subject/27065898/,成龙,阮经天,钟楚曦,林柏宏,林鹏,乔杉,潘长江,苑琼丹,刘智福,刘智满,刘智堂,姜嫄
https://movie.douban.com/subject/27597250/,柳承龙,李东辉,李荷妮,陈善圭,申河均
https://movie.douban.com/subject/27202819/,古天乐,郑嘉颖,林峯,林家栋,周秀娜,张智霖,谭耀文,张继聪,蔡瀚亿,廖启智,艾威,卢海鹏,夏嫣,黄致豪,张松枝,张建声,栢天男,丁海峰,刘梦娜,陈静,朱鉴然,灰熊,石修,陈曼娜,关礼杰,薛世恒
https://movie.douban.com/subject/27663742/,于谦,汤梦佳,王广源,秦鸣悦,徐子力,孙艺杨,徐紫茵,郝鹏飞,郜玄铭,黑妹,田雨,吴京,张国立,何冰,艾伦,胡军,马未都,史可,杨立新,乔杉,许娣,韩童生,蒋小涵,刘威,马苏,吴樾,孙越,丁海峰,王志飞,常戎,关凌
https://movie.douban.com/subject/30335059/,张伟,张秉君,谭笑,宋祖儿,刘思奇,万丹青,刘沛,孟雨田
https://movie.douban.com/subject/30209818/,杰西卡·罗德,伊瑟尔·布罗萨德,露比·莫迪恩,苏拉·沙玛,史蒂夫·齐西斯,瑞秋·马休斯,查尔斯·艾特肯,莎拉·亚金,凯莱布·斯比尔亚兹,吉吉·埃内塔,劳拉·克利夫顿,温迪·米克洛维奇,凯勒布·拿奎恩,肯尼斯·以色列,泰内娅·因崔亚戈,布莱恩·克恩,川川,卡瑞尔拉·史密斯,罗布·梅洛,林赛·G·史密斯,飞·武,莎拉·贝纳尼,杰奎琳·哈里斯·马瑟恩,西尔维娅·格雷丝·克里姆,拉姆齐·安德森
https://movie.douban.com/subject/25924056/,伊娃·格林,科林·法瑞尔,迈克尔·基顿,妮可·帕克,芬利·霍宾斯,丹尼·德维托,艾伦·阿金,卡米尔·雷米泽斯基,约瑟夫·盖特,桑迪·马丁,乔·奥斯蒙德,莎朗·鲁妮,拉斯·艾丁格,罗珊·塞斯,道比·欧帕瑞,迈克尔·巴佛,杰茜·维宁,伯纳多·桑托斯,贝恩·科拉科,文森特·阿德里安,菲利普·罗施,露西·德维托,拉普洛斯·卡伦福佐斯,阿梅吉特·德尤,史蒂芬·萨姆森,埃里克·海登
https://movie.douban.com/subject/27193043/,艾什莉·贾德,乔纳·豪尔-金,狗狗谢尔比,亚历山德拉·希普,韦斯·斯塔迪,布莱丝·达拉斯·霍华德,巴里·沃森,克里斯·鲍尔,塔米·吉利斯,派崔克·盖勒,爱德华·詹姆斯·奥莫斯,露西娅·沃尔特斯,莱恩·爱德华兹,约翰·卡西尼,本杰明·拉特纳,斯宾塞·德雷弗,阿丽尔·图里奥,詹妮弗·吉布森,罗南多·博伊斯,法拉赫·阿维瓦,达西·劳瑞,特洛伊·鲁道夫
https://movie.douban.com/subject/27180599/,麦斯·米科尔森,凡妮莎·哈金斯,凯瑟琳·温妮克,罗伯特·梅耶,马特·卢卡斯,露比·欧·菲,阿伊莎·伊萨,阿纳斯塔西娅·玛莉尼娜,佩德罗·米盖尔·阿尔斯,约翰尼·诺克斯维尔,罗维娜·亚瓦里,任霏,克雷格·伯纳托夫斯基,米歇尔·C·福柯
https://movie.douban.com/subject/27088750/,郑真英,朴圣雄,罗美兰,李垂珉,李俊赫,金光奎,闵智雅,尹敬浩,金贤莫,朴庆惠
https://movie.douban.com/subject/30295908/,朱亚文,刘芸,归亚蕾,方青卓,李大光,常蓝天,王圣迪,单禹豪,陈奕雯,张安琪,符冲,范楚绒,姜玉玲,周一菡,孙晔,贾邱
https://movie.douban.com/subject/27604296/,吴镇宇,古天乐,袁咏仪,张达明,吴肇轩,蔡颂思,黄秋生,林雪,郑丹瑞,卢海鹏,雷琛瑜,江美仪,麦长青,阮文泰,孔令令,梁山山,杨玉梅,谷德昭,利颖怡,李灿森,马蹄露,黄文慧,泰臣,胡枫,苑琼丹,杨诗敏,乔宝宝,庄思敏,王俊棠,刘浩龙,林子聪,陆永,郑诗君,余子明,徐浩昌,安德尊,杨偲泳,罗家英,郑欣宜,麦玲玲
https://movie.douban.com/subject/27135473/,周冬雨,王锵,曹瑞
https://movie.douban.com/subject/3927789/,本·阿弗莱克,查理·汉纳姆,佩德罗·帕斯卡,奥斯卡·伊萨克,亚德里亚·霍纳,加内特·赫德兰,希拉·凡德,雷纳尔多·加列戈斯,克里斯汀·霍恩,穆罕默德·哈肯沙迪,迈克尔·本杰明·埃尔南德斯,佩德罗·洛佩兹,肖恩·麦克布莱德,杰森·奎恩,卡洛斯·利纳雷斯
https://movie.douban.com/subject/30223840/,本尼迪克特·康伯巴奇,李·博德曼,奥利弗·莫尔特曼,马尔科姆·弗里曼,莎拉·贝尔彻,露西·拉塞尔,奥利佛·伯奇,罗斯·哈特,利兹·怀特,西蒙·戴伊,约翰·赫夫南,保罗·莱恩,凯特·奥弗林,蒂姆·迈克穆兰,理查德·杜登,罗里·金奈尔,安贾纳·瓦桑,凯尔·索列尔,亚丁·吉勒特
https://movie.douban.com/subject/27031237/,詹姆斯·麦卡沃伊,布鲁斯·威利斯,塞缪尔·杰克逊,安雅·泰勒-乔伊,莎拉·保罗森,斯宾塞·崔特·克拉克,查莱宁·伍德拉德,卢克·科比 ,亚当·大卫·汤普森,M·奈特·沙马兰,戴安娜·希维斯,克里·锡安,罗素·普斯勒,罗丝玛丽·霍华德,莱斯利·史蒂芬森,尤基·华盛顿,布赖恩·安东尼·威尔逊,托拜厄斯·西格尔,蒂姆·杜奎特,朱塞佩·阿迪松,大卫·克尼里安,布莱恩·多纳休,奥罗拉·卡琳,迈克尔·J·克雷米,迈克尔·J·莱昂斯
https://movie.douban.com/subject/27179414/,艾伦,王智,鲁诺,任达华,金士杰,潘斌龙,周显欣,九孔,董立范,史航,罗京民
https://movie.douban.com/subject/25833233/,克里斯·帕拉特,伊丽莎白·班克斯,威尔·阿奈特,蒂凡尼·哈迪斯,斯蒂芬妮·比翠丝,爱丽森·布里,尼克·奥弗曼,查理·戴,玛娅·鲁道夫,威尔·法瑞尔,杰登·桑德,布鲁克琳·普林斯,查宁·塔图姆,乔纳·希尔,理查德·艾欧阿德,本·施瓦茨,诺尔·费丁,杰森·莫玛,寇碧·史莫德斯,伊克·巴里霍尔兹,拉尔夫·费因斯,威尔·福特,欧阳万成,乔玛·塔科内,布鲁斯·威利斯,加里·佩顿
https://movie.douban.com/subject/6538697/,凯文·科斯特纳,伍迪·哈里森,凯西·贝茨,金·迪肯斯,约翰·卡洛·林奇,W·厄尔·布朗,托马斯·曼,大卫·福尔,杰西·C·博伊德,简·麦克尼尔,比利·斯洛特,大卫·德怀尔,杰森·戴维斯,乔希·卡拉斯,布莱恩·杜尔金,迪恩·J·韦斯特,大卫·博恩,迈克尔·德雷珀,杰夫·波普,托尼亚·马尔多纳多,库伦·莫斯,乔希·文图拉,迪安·丹顿,乔·奈泽维奇
https://movie.douban.com/subject/27053945/,露皮塔·尼永奥,温斯顿·杜克,伊丽莎白·莫斯,蒂姆·海德克,莎哈迪·赖特·约瑟夫,伊万·艾利克斯,叶海亚·阿卜杜勒-迈丁,安娜·迪奥普,卡莉·谢尔顿,诺尔·谢尔顿,麦迪逊·柯里,纳皮埃拉·格罗夫斯,杜克·尼科尔森,纳丹·哈灵顿,卡拉·海沃德
https://movie.douban.com/subject/26970964/,马修·麦康纳,安妮·海瑟薇,戴安·琳恩,杰森·克拉克,杰曼·翰苏,杰瑞米·斯特朗,加里恩·多德,肯尼思·霍,罗伯特·霍布斯,拉斐尔·赛耶,埃登·布胡格鲁,纪尧姆·萨里文特,维纳亚·桑古尔
https://movie.douban.com/subject/30306764/,郑雨盛,金香起,李圭亨,廉惠兰,张荣男,郑元中,金正洙,金学善,宋允儿
https://movie.douban.com/subject/30168032/,董畅,伊丽莎维塔·科诺诺娃,维塔利·哈耶夫,格兰特·吐火添,谢尔盖·奇尔科夫,娜塔莉亚·苏尔科娃,瓦季姆·斯米尔诺夫,德米特里·斯米尔诺夫,维拉·古里耶娃
https://movie.douban.com/subject/26871669/,陈晓,杜鹃,王嘉,马苏,华少,谢依霖,关晓彤,高晓攀,赵震,庞奕欣,侯佳伟,王毅凡
https://movie.douban.com/subject/27098365/,杰瑞·奥康奈尔,丽贝卡·罗梅恩,雷恩·威尔森,帕特里克·法比安,查尔斯·哈尔福德,卡梅隆·莫纳汉,克莱斯·威廉斯,罗莎里奥·道森,内森·菲利安,克里斯托弗·戈勒姆,谢默·摩尔,耐姆比·耐姆比,杰森·奥玛拉,洛奇·卡罗尔,特雷弗·德瓦,保罗·伊丁,詹妮弗·黑尔,艾丽卡·鲁特雷尔,马克斯·迈特尔曼,托克斯·奥拉贡多耶,托尼·托德,布兰达·斯特朗
https://movie.douban.com/subject/27135946/,杰克·吉伦哈尔,蕾妮·罗素,托妮·科莱特,约翰·马尔科维奇,扎威·阿什顿,汤姆·斯图里奇,娜塔莉·戴尔,戴维德·迪格斯,比利·马格努森,彼得·加迪尔特,凯文·卡罗尔,詹姆斯·帕克顿,卡桑德拉·沃亚齐斯,帕特·希利,约翰·弗利克,马克·斯达格,安德莉亚·马尔科维奇,克里斯托弗·达尔加,马尔科·罗德里格斯,克里斯汀·瑞克斯,索尔·洛佩斯,泰姆·温特斯,斯科特·皮特,伊恩·阿尔达,曾爱媚,斯特凡·马克斯,罗伯特·阿尔茨,野村祐人,皮塞·堡,大卫·艾伦·格拉夫,米格·马卡里奥,G·拉里·巴特勒,埃莉斯·法兰加,布兰登·考夫曼,尼克·科尼特
https://movie.douban.com/subject/27002812/,蕾蓓尔·威尔森,利亚姆·海姆斯沃斯,亚当·德维尼,佩丽冉卡·曹帕拉,布兰登·斯科特·琼斯,贝蒂·吉尔平,汤姆·艾利斯,珍妮弗·桑德斯,费斯·洛根,尤金娜·库日敏娜,雪莉·罗德里格斯,杰奎琳·霍努力克,埃斯特班·贝尼托,桃乐丝·麦卡锡,卢西亚诺·阿库尼亚,马米·科西科
https://movie.douban.com/subject/27109171/,李政宰,朴正民,李在仁,陈善圭
https://movie.douban.com/subject/30466833/,张超,李婷婷,陈博豪,孙嘉灵,李九霄,张樟,邓郁立
https://movie.douban.com/subject/27050133/,琪兰·席普卡,斯坦利·图齐,米兰达·奥图,约翰·考伯特,萨拉·阿伯特,凯尔·布瑞特科夫,邓普斯·布瑞克,比利·麦克莱伦,泰勒·拉芙
https://movie.douban.com/subject/30466832/,孙嘉灵,李九霄,张超,李婷婷,陈博豪,张樟,邓郁立
https://movie.douban.com/subject/27176742/,切瓦特·埃加福特,麦斯威尔·辛巴,莉莉·班达,爱伊莎·玛依卡,诺玛·杜梅温尼,约瑟夫·马塞尔
https://movie.douban.com/subject/27187912/,孔晓振,柳俊烈,曹政奭,廉晶雅,全慧珍,金起范
https://movie.douban.com/subject/26971645/,许凯,赵露思,焦睿,梁婧娴,孟美岐,张檬,何明翰,张秋歌,杨大鹏
https://movie.douban.com/subject/30466831/,张樟,邓郁立,方文强,叶子诚,李欢,张超,李婷婷,陈博豪,孙嘉灵,李九霄,龚锐
https://movie.douban.com/subject/26909787/,陈虎,卢靖姗,托尼·贾,伊科·乌艾斯,斯科特·阿金斯,迈克尔·加·怀特,迈克尔·比斯平,杰佳·亚宁,罗恩·斯穆安伯格
https://movie.douban.com/subject/30190607/
https://movie.douban.com/subject/26309965/,韩庚,尹正,张慧雯,刘嘉玲,郭晓东,冯嘉怡,罗家英,王梓轩,于洋
https://movie.douban.com/subject/27185558/,俞飞鸿,大泽隆夫,木下彩音,卢洋洋,前田公辉,星由里子
https://movie.douban.com/subject/30395844/,布丽·拉尔森,艾米莉亚·克拉克,布莱德利·库珀,杰森·莫玛,Lady Gaga,泰莎·汤普森,詹姆斯·麦卡沃伊,迈克尔·B·乔丹,丹娜·奎里拉,查理兹·塞隆,克里斯·埃文斯,劳拉·邓恩,梅丽莎·麦卡西,丹尼尔·克雷格,塞缪尔·杰克逊,莎拉·保罗森,艾莉森·珍妮,保罗·路德,詹妮弗·洛佩兹,山姆·洛克威尔,阿曼德拉·斯坦伯格 ,加里·奥德曼,麦克·梅尔斯,艾米·波勒,杨紫琼,哈维尔·巴登,吴恬敏,海伦·米伦,奥卡菲娜,玛娅·鲁道夫,迭戈·卢纳,克里斯滕·里特,查德维克·博斯曼,迈克尔·基顿,弗兰西斯·麦克多蒙德,科甘-迈克尔·凯,安吉拉·贝塞特,蒂娜·菲,约翰·木兰尼,芭芭拉·史翠珊,艾尔西·费舍尔,琪琪·莱恩,泰勒·派瑞,布莱恩·泰里·亨利,奎恩·拉提法,史蒂芬·詹姆士,贝特·米德勒,达纳·卡维,詹妮弗·哈德森,法瑞尔·威廉姆斯,亚当·兰伯特,比利·波特,特雷弗·诺亚,玛丽娅·曼努诺斯,克里斯汀·卡瓦拉瑞,瑞安·西克莱斯特,塞蕾娜·威廉姆斯,近藤麻理惠,朱丽亚娜·兰西克,吉莉恩·韦尔奇,汤姆·莫雷罗,戴维·罗林斯,约翰·刘易斯
https://movie.douban.com/subject/30416337/,陈浩民,陈百祥,林子聪,何浩文
https://movie.douban.com/subject/30176282/,柳海真,尹启相,金弘波,禹贤,金太勋,艺秀晶
https://movie.douban.com/subject/26759819/,杉山纪彰,下屋则子,神谷浩史,川澄绫子,植田佳奈,门胁舞以,伊藤美纪,中田让治,津嘉山正种,关智一,浅川悠,诹访部顺一,稻田彻
https://movie.douban.com/subject/27044258/,劳米·拉佩斯,奥利维亚·杰森,阿卜杜拉提夫·查乌奇,苏菲·奈丽丝,哈·帕门特,谢丽丝·西尔维斯特里,因迪拉·瓦玛,萨尔瓦·耶尔达,罗宾·克莫德,查理·帕尔默·罗斯韦尔,欧文·马肯,阿金·加齐,优素福·凯尔科尔,米米·基恩
https://movie.douban.com/subject/26825688/,李诗英,朴世婉,崔镇浩,李俊赫,李亨哲,金元海
https://movie.douban.com/subject/30382857/,藤冈靛,井浦新,山本美月,吉泽亮,村上虹郎,清原果耶,松下洸平,清水寻也,福田麻由子,长谷川京子,金子统昭,富田靖子,寺胁康文,伊武雅刀,片濑梨乃,香里奈,奥田瑛二
https://movie.douban.com/subject/27114963/,郑在咏,金南佶,严志媛,李秀卿,郑家蓝,朴仁焕,申正根,吴义植,金基天,李东熙,具本雄,柳淳哲,崔钟律,李英锡,李晟宇,李佳英,刘炳洙,吴顺泰, 金妍贞,郑宇荣,高东亨,张恩钟,纪焕,崔英民,蔡恩珠,金昌朱,全裴修
https://movie.douban.com/subject/24750460/,大卫·哈伯,米拉·乔沃维奇,金大贤,伊恩·麦柯肖恩,阿利斯泰·皮垂,萨莎·莱恩,托马斯·哈登·丘奇,佩内洛普·米契尔,苏菲·奥康内多,布莱恩·格里森,克里斯蒂娜·克莱伯,阿什丽·艾德纳,道格拉斯·泰特,贝恩·科拉科,阿塔纳斯·斯雷布雷夫,凡妮莎·艾科尔兹,莱拉·莫尔斯
https://movie.douban.com/subject/27203619/,林昕宜,李立北,来喜,白凯南,黑妹,廖蔚蔚,杨丽晓,那威,张婉儿,李潇,张垚,房琪
https://movie.douban.com/subject/30287729/,凯文·康瑞,乔治·纽伯恩,苏珊·爱森伯格,丹妮拉·玻芭迪拉,素玛立·蒙塔诺,菲利普·安东尼-罗德里格斯,马修·杨·金,塔拉·斯特朗,黛安·格雷罗
https://movie.douban.com/subject/26857654/,吴镇宇,乔杉,文松,吴志雄,衣云鹤,费曼,于莎莎,任达华
https://movie.douban.com/subject/26850330/,郭涛,张子枫,姜潮,梅婷,范伟,王迅,盖玥希
https://movie.douban.com/subject/30353507/,谢苗,陈梦希,热依娜,李帛轩,容尔甲,苑航铭,叶品峰,谢恺宇,徐子奇,龙杨杨
https://movie.douban.com/subject/1945750/,道格拉斯·布斯,机关枪凯利,丹尼尔·韦伯,伊万·瑞恩,约书亚·米克尔,莱文·兰宾,Kabby Borders,Kristin Brock
https://movie.douban.com/subject/30334122/,凯蒂·道格拉斯,塞莉纳·马丁,莎拉·坎宁,阿玛莉亚·威廉姆森,凯特·维克里
https://movie.douban.com/subject/30252532/,米仓凉子,黑木华,余贵美子,板尾创路,永山绚斗,江原由希子,胜村政信,堀田茜,伊武雅刀,平泉成,万田久子,中村梅雀,津川雅彦
https://movie.douban.com/subject/30273082/,李春啸,陈旭,李易祥,韩三明,李兰,陈勇,贾乐善,江辉,张郎,何达,王江华,徐本一,许婉,李丹翼,陈政阳,谢潇潇,大春,刘美瞳,贾冰冰,张培方,李潇,宋培,阿龙,董博文,马丁,蔡立志,董建忠
https://movie.douban.com/subject/32568510/,李知恩,裴斗娜,朴海秀,金泰勋,李成旭,郑俊元,沈月奇
https://movie.douban.com/subject/30425945/,柯达,郭诗佳,意辰,毛溪,毕雪,刘禹欣,海扬,张本煜,于白水,赵灵,苗月研,孙国帅,至尊玉,曹慕渊,潘红岑
https://movie.douban.com/subject/30479973/,黄磊,闫妮,韩童生,崔新琴,沙俊伯,丁嘉丽,冯嘉怡,沙溢,果靖霖,胡可,刘梦梦,桑平,曹瑞,李菁菁,汤唯
https://movie.douban.com/subject/26888080/,玛格丽特·库里,安东尼·麦凯,丹尼·赫斯顿,蒂根·约翰逊
https://movie.douban.com/subject/1904722/,杰森·克拉克,艾米·西米茨,约翰·利思戈,杰特·劳伦斯,雨果·拉瓦,卢卡斯·拉瓦,奥布萨·艾哈迈德,阿丽莎·布鲁克·莱文,玛丽亚·埃雷拉,弗兰克·萧宾,琳达·E·史密斯,索尼娅·玛丽亚·基里拉,娜奥米·弗伦内特,艾丽森·奥唐奈尔
https://movie.douban.com/subject/27036366/,索非娅·布埃纳文图拉,朱利安·希拉尔多,凯伦·金特罗,劳拉·卡斯特里隆,德伊比·鲁埃达,保罗·库比德斯,斯奈德·卡斯特罗,莫伊塞斯·阿里亚斯,朱丽安妮·尼科尔森,威尔逊·萨拉查,豪尔赫·罗曼
https://movie.douban.com/subject/30420068/,张珏,张苒
https://movie.douban.com/subject/30407554/,宋晓峰,关婷娜,蒋依杉,王小虎,王洪祥,宋小宝,文松
https://movie.douban.com/subject/30449064/,滨津隆之,真鱼,主浜晴美,秋山柚稀,长屋和彰,细井学,市原洋,山崎俊太郎,大泽真一郎,竹原芳子,浅森咲希奈,吉田美纪,合田纯奈,山口友和,藤村拓矢,曽我真臣,生见司织,白岡優,久場寿幸
https://movie.douban.com/subject/26752558/,蔡卓妍,吴慷仁,吴浩康,叶童,刘永,林德信,谈善言,何彦桦,太保,岑珈其,郭奕芯,张国强
https://movie.douban.com/subject/27126336/,木村拓哉,长泽雅美,滨田岳,前田敦子,笹野高史,高岛政宏,菜菜绪,宇梶刚士,桥本爱实,田口浩正,胜地凉,生濑胜久,松隆子,小日向文世,梶原善,泉泽祐希,筱井英介,渡部笃郎,石川恋,东根作寿英,鹤见辰吾,石桥凌
https://movie.douban.com/subject/30255175/,劳拉·马兰洛,诺亚·琴蒂内奥,卡米拉·门德斯,马特·沃尔什,乔·克里斯特,埃文·卡斯特罗,韦恩·佩雷,卡丽·拉扎,布莱恩·克恩,欧迪瑟亚斯·乔治亚迪斯,Sue-Lynn Ansari,Trina LaFargue
https://movie.douban.com/subject/27597033/,高翔,李欣燃,黄霆,韩梦武,王志鹏
https://movie.douban.com/subject/27043020/,赫敏·科菲尔德,丹妮丝·达·维拉,杰里米·格雷泽,劳拉·古兹曼,麦卡·霍普特曼,丹尼尔·R·希尔,约翰·马歇尔·琼斯,杰克·基德韦尔,肖恩·奥布赖恩,杰伊·保尔森,弗吉尼亚·施奈德
https://movie.douban.com/subject/30419287/,陈子由,刘林城,康宁
https://movie.douban.com/subject/30403268/,朱迪·惠特克,夏洛特·里奇,布莱德利·沃尔什,托辛·科尔,曼迪·吉尔,Sophie Duval,Daniel Adegboyega,Nikesh Patel
https://movie.douban.com/subject/30283282/,吕良伟,杨明逸,周卓,袁千山,张琪,王尧,张宏威,韩龙瑄,徐睦毅,李东海
https://movie.douban.com/subject/27197468/,莎娜·凯斯雷克,詹姆士·奎因·马奇,西蒙妮·柯比,史蒂夫·沃尔,欧文·马肯,莎拉·汉利,詹姆斯·卡沙莫,卡蒂·奥廷宁,贝内特·安德鲁,戴维·克罗利
https://movie.douban.com/subject/30430701/,郑肯
https://movie.douban.com/subject/26662282/,索菲亚·玛丽,詹妮弗·加纳,肯·哈德森·坎贝尔,基南·汤普森,米拉·库尼斯,约翰·奥利弗,郑肯,诺尔贝特·里奥·布茨,马修·布罗德里克,凯特·麦克格雷格-斯图尔特,凯文·张伯伦,凯斯·索西
https://movie.douban.com/subject/26803717/,刘青云,尤靖茹,孔维,林雪,周知,潘粤明,宿丹,李晓川
https://movie.douban.com/subject/30135110/,海莉·露·理查森,科尔·斯普罗斯,克莱尔·弗兰妮,莫伊塞斯·阿里亚斯,帕敏德·纳格拉,艾米丽·芭尔多尼,加里·维克斯,金博利·赫伯特·格雷戈里,吉姆·格里森
https://movie.douban.com/subject/27012900/,柯宾·伯恩森,Yuliya Zelenskaya,克里斯蒂娜·碧曼诺娃,Oksana Orlan,Maryanne Nagel,Michael Robert Brandon,Keenan Johnston,Lisa Goodman,Clement Valentine,Yefim Somin,Alison Korman
https://movie.douban.com/subject/30290776/,石承镐,何紫妍,南苗
https://movie.douban.com/subject/27027799/,路易斯·阿什伯恩·瑟金斯,丹妮斯·高夫,迪安·肖穆,汤姆·泰勒,雷亚安娜·杜瑞斯,内森·斯图尔特-贾瑞特,诺玛·杜梅温尼,丽贝卡·弗格森,马克·博纳尔,安格斯·里,路易斯·马丁,乔伊·安沙,亚当·利斯,亚历山德拉·罗奇,尼克·穆罕默德,帕特里克·斯图尔特,迈拉·麦克法迪,亚当·布克斯顿,克劳迪·布莱克利,吉娜薇·欧瑞丽,露丝·霍洛克斯,贾格·帕特尔,康纳·沃尔夫
https://movie.douban.com/subject/30327897/,苍井优,竹内结子,松原智惠子,山崎努,蒲田优惟人,中村伦也,北村有起哉,杉田雷麟,清水久留巳,仓野章子,不破万作,冈山一,池谷伸枝,藤原季节,小市慢太郎
https://movie.douban.com/subject/30442461/,宋晓峰,九孔,彭雪,傅晓,王岚
https://movie.douban.com/subject/30423524/,维杰·卡沙尔,亚米·高塔姆,基尔蒂·库哈里
https://movie.douban.com/subject/26810068/,连姆·尼森,劳拉·邓恩,米切尔·理查德森,迈克尔·艾克朗德,布拉德利·斯泰克尔,韦斯利·麦金尼斯,汤姆·巴特曼,多米尼克·隆巴多兹,尼古拉斯·福尔摩斯,吉姆·谢尔德,阿莱克斯·潘诺维奇
https://movie.douban.com/subject/30280011/,陈浩民,罗米,李若彤,曾志伟,林子聪
https://movie.douban.com/subject/30141342/,安德烈·霍兰,莎姬·贝兹,比尔·杜克,梅尔文·格雷格,索尼娅·孙,扎克瑞·昆图,凯尔·麦克拉克伦,格伦·弗莱施勒,凯莱布·麦克劳克林,米歇尔·洪,杰瑞尔·普雷斯科特
https://movie.douban.com/subject/30468984/,东山纪之,中岛健人,柄本明,土屋太凤,野村周平,樱井日奈子,杉本哲太,泉品子,北大路欣也,高岛政伸,黑木瞳
https://movie.douban.com/subject/30466625/,木村文乃,大泽隆夫,小池荣子,滨边美波,南野阳子,岸井雪乃,松坂庆子,铃木保奈美
https://movie.douban.com/subject/10760042/,凯拉·奈特莉,海伦·米伦,卢克·威尔逊,米基·洛克,迭戈·卢纳,海顿·潘妮蒂尔,迪安娜·阿格隆,吉姆·斯特吉斯,伊万·瑞恩,夏洛特·勒·邦,西贝尔·凯基莉,艾米丽·比查姆,珍娜·迪万,维罗尼卡·费瑞尔,诺兰·杰拉德·冯克,茱莉亚·迭泽,西尔维斯特·格罗特,托妮·伽恩,凯瑟琳·弗莱明,菲琳·罗根,罗伯特·施塔德洛伯,汉内洛勒·埃尔斯纳,迈克尔·品克,桑德拉·内德勒夫,马克斯·拉伯,卡罗尔·舒勒,汉斯·辛克,尼科莱·金斯基,科斯塔斯·萨默,李坤珏
https://movie.douban.com/subject/30479915/,迈克尔·加·怀特,鲁克·高斯,兰迪·库卓,奥维度·尼库勒斯库,伊莱亚斯·费金,Madalina Anea,Grant Campbell,George Remes,Andreea Diac,Michaela Holla,Bogdan Farcas,Dan Cade
